Position,Name,Salary,GameInfo,AvgPointsPerGame,teamAbbrev
WR,Julio Jones,8600,MIN@ATL 12/03/2017 01:00PM ET,18.036,ATL
RB,Alvin Kamara,8400,CAR@NO 12/03/2017 04:25PM ET,20.491,NO
WR,Keenan Allen,8300,CLE@LAC 12/03/2017 04:05PM ET,17.873,LAC
RB,Todd Gurley II,8200,LAR@ARI 12/03/2017 04:25PM ET,22.945,LAR
RB,Mark Ingram,7900,CAR@NO 12/03/2017 04:25PM ET,18.045,NO
QB,Tom Brady,7800,NE@BUF 12/03/2017 01:00PM ET,23.211,NE
RB,Leonard Fournette,7800,IND@JAX 12/03/2017 01:00PM ET,18.867,JAX
WR,Brandin Cooks,7700,NE@BUF 12/03/2017 01:00PM ET,16.182,NE
RB,LeSean McCoy,7600,NE@BUF 12/03/2017 01:00PM ET,17.209,BUF
WR,Adam Thielen,7500,MIN@ATL 12/03/2017 01:00PM ET,17.882,MIN
RB,Melvin Gordon,7400,CLE@LAC 12/03/2017 04:05PM ET,17.736,LAC
TE,Rob Gronkowski,7300,NE@BUF 12/03/2017 01:00PM ET,16.11,NE
WR,DeAndre Hopkins,7300,HOU@TEN 12/03/2017 01:00PM ET,21.4,HOU
RB,Christian McCaffrey,7200,CAR@NO 12/03/2017 04:25PM ET,14.964,CAR
WR,Mike Evans,7100,TB@GB 12/03/2017 01:00PM ET,14.52,TB
RB,Tevin Coleman,7000,MIN@ATL 12/03/2017 01:00PM ET,12.355,ATL
TE,Travis Kelce,7000,KC@NYJ 12/03/2017 01:00PM ET,16.491,KC
QB,Philip Rivers,7000,CLE@LAC 12/03/2017 04:05PM ET,18.038,LAC
WR,Sterling Shepard,7000,NYG@OAK 12/03/2017 04:25PM ET,14.114,NYG
WR,Michael Thomas,6900,CAR@NO 12/03/2017 04:25PM ET,15.045,NO
RB,Kareem Hunt,6900,KC@NYJ 12/03/2017 01:00PM ET,18.764,KC
QB,Cam Newton,6800,CAR@NO 12/03/2017 04:25PM ET,20.4,CAR
WR,Devin Funchess,6800,CAR@NO 12/03/2017 04:25PM ET,13.391,CAR
WR,Tyreek Hill,6700,KC@NYJ 12/03/2017 01:00PM ET,15.236,KC
QB,Jared Goff,6700,LAR@ARI 12/03/2017 04:25PM ET,18.915,LAR
WR,Michael Crabtree,6600,NYG@OAK 12/03/2017 04:25PM ET,13.02,OAK
RB,Jordan Howard,6500,SF@CHI 12/03/2017 01:00PM ET,13.691,CHI
WR,Davante Adams,6500,TB@GB 12/03/2017 01:00PM ET,15.473,GB
QB,Drew Brees,6500,CAR@NO 12/03/2017 04:25PM ET,18.433,NO
QB,Matt Ryan,6400,MIN@ATL 12/03/2017 01:00PM ET,16.96,ATL
WR,Cooper Kupp,6400,LAR@ARI 12/03/2017 04:25PM ET,11.427,LAR
WR,Robby Anderson,6300,KC@NYJ 12/03/2017 01:00PM ET,14.591,NYJ
RB,David Johnson,6300,LAR@ARI 12/03/2017 04:25PM ET,14.1,ARI
WR,Stefon Diggs,6200,MIN@ATL 12/03/2017 01:00PM ET,14.822,MIN
QB,Marcus Mariota,6200,HOU@TEN 12/03/2017 01:00PM ET,16.392,TEN
WR,Golden Tate,6100,DET@BAL 12/03/2017 01:00PM ET,14.364,DET
QB,Derek Carr,6100,NYG@OAK 12/03/2017 04:25PM ET,16.536,OAK
QB,Case Keenum,6000,MIN@ATL 12/03/2017 01:00PM ET,17.234,MIN
WR,Marvin Jones Jr.,6000,DET@BAL 12/03/2017 01:00PM ET,15.827,DET
RB,Lamar Miller,6000,HOU@TEN 12/03/2017 01:00PM ET,14.145,HOU
WR,Larry Fitzgerald,6000,LAR@ARI 12/03/2017 04:25PM ET,16.727,ARI
RB,Carlos Hyde,5900,SF@CHI 12/03/2017 01:00PM ET,15.4,SF
WR,Jarvis Landry,5900,DEN@MIA 12/03/2017 01:00PM ET,15.727,MIA
QB,Alex Smith,5900,KC@NYJ 12/03/2017 01:00PM ET,20.402,KC
WR,Robert Woods,5900,LAR@ARI 12/03/2017 04:25PM ET,14.75,LAR
QB,Matthew Stafford,5800,DET@BAL 12/03/2017 01:00PM ET,19.291,DET
WR,Amari Cooper,5800,NYG@OAK 12/03/2017 04:25PM ET,11.391,OAK
RB,Devonta Freeman,5700,MIN@ATL 12/03/2017 01:00PM ET,13.022,ATL
WR,Rishard Matthews,5700,HOU@TEN 12/03/2017 01:00PM ET,12.43,TEN
TE,Evan Engram,5700,NYG@OAK 12/03/2017 04:25PM ET,11,NYG
WR,Mohamed Sanu,5600,MIN@ATL 12/03/2017 01:00PM ET,12.094,ATL
QB,Jameis Winston,5600,TB@GB 12/03/2017 01:00PM ET,15.738,TB
RB,DeMarco Murray,5600,HOU@TEN 12/03/2017 01:00PM ET,12.427,TEN
TE,Delanie Walker,5600,HOU@TEN 12/03/2017 01:00PM ET,11.373,TEN
RB,Dion Lewis,5500,NE@BUF 12/03/2017 01:00PM ET,9.682,NE
WR,Chris Hogan,5500,NE@BUF 12/03/2017 01:00PM ET,13.563,NE
QB,Aaron Rodgers,5500,TB@GB 12/03/2017 01:00PM ET,20.117,GB
QB,Josh McCown,5500,KC@NYJ 12/03/2017 01:00PM ET,17.524,NYJ
QB,Tyrod Taylor,5400,NE@BUF 12/03/2017 01:00PM ET,15.655,BUF
QB,Blake Bortles,5400,IND@JAX 12/03/2017 01:00PM ET,15.405,JAX
TE,Jared Cook,5400,NYG@OAK 12/03/2017 04:25PM ET,9.691,OAK
RB,Ty Montgomery,5300,TB@GB 12/03/2017 01:00PM ET,11.45,GB
QB,Ryan Fitzpatrick,5300,TB@GB 12/03/2017 01:00PM ET,12.787,TB
WR,Demaryius Thomas,5300,DEN@MIA 12/03/2017 01:00PM ET,13.009,DEN
RB,Latavius Murray,5200,MIN@ATL 12/03/2017 01:00PM ET,8.491,MIN
TE,Jack Doyle,5200,IND@JAX 12/03/2017 01:00PM ET,12.64,IND
WR,Marqise Lee,5200,IND@JAX 12/03/2017 01:00PM ET,10.436,JAX
QB,Derek Anderson,5200,CAR@NO 12/03/2017 04:25PM ET,0.24,CAR
WR,Sammy Watkins,5200,LAR@ARI 12/03/2017 04:25PM ET,10,LAR
RB,Jerick McKinnon,5100,MIN@ATL 12/03/2017 01:00PM ET,11.373,MIN
QB,Jimmy Garoppolo,5100,SF@CHI 12/03/2017 01:00PM ET,5.12,SF
QB,Brett Hundley,5100,TB@GB 12/03/2017 01:00PM ET,11.771,GB
WR,Ted Ginn Jr.,5100,CAR@NO 12/03/2017 04:25PM ET,11.736,NO
WR,Corey Davis,5100,HOU@TEN 12/03/2017 01:00PM ET,6.75,TEN
QB,Teddy Bridgewater,5000,MIN@ATL 12/03/2017 01:00PM ET,0,MIN
RB,Rex Burkhead,5000,NE@BUF 12/03/2017 01:00PM ET,11.357,NE
WR,Danny Amendola,5000,NE@BUF 12/03/2017 01:00PM ET,10.45,NE
QB,Carson Palmer,5000,LAR@ARI 12/03/2017 04:25PM ET,16.909,ARI
QB,Eli Manning,5000,NYG@OAK 12/03/2017 04:25PM ET,13.904,NYG
QB,Joe Flacco,4900,DET@BAL 12/03/2017 01:00PM ET,9.764,BAL
WR,Kelvin Benjamin,4900,NE@BUF 12/03/2017 01:00PM ET,10.47,BUF
QB,Brian Hoyer,4900,NE@BUF 12/03/2017 01:00PM ET,9.373,NE
WR,Emmanuel Sanders,4900,DEN@MIA 12/03/2017 01:00PM ET,10.889,DEN
RB,Kenyan Drake,4900,DEN@MIA 12/03/2017 01:00PM ET,5.082,MIA
QB,C.J. Beathard,4800,SF@CHI 12/03/2017 01:00PM ET,13.829,SF
WR,T.Y. Hilton,4800,IND@JAX 12/03/2017 01:00PM ET,12.545,IND
QB,Trevor Siemian,4800,DEN@MIA 12/03/2017 01:00PM ET,15.44,DEN
RB,Duke Johnson Jr.,4800,CLE@LAC 12/03/2017 04:05PM ET,13.282,CLE
RB,Adrian Peterson,4800,LAR@ARI 12/03/2017 04:25PM ET,8.69,ARI
RB,Marshawn Lynch,4800,NYG@OAK 12/03/2017 04:25PM ET,9.55,OAK
WR,Jeremy Maclin,4700,DET@BAL 12/03/2017 01:00PM ET,9.444,BAL
RB,Jamaal Williams,4700,TB@GB 12/03/2017 01:00PM ET,6.236,GB
WR,DeSean Jackson,4700,TB@GB 12/03/2017 01:00PM ET,11.273,TB
QB,Jay Cutler,4700,DEN@MIA 12/03/2017 01:00PM ET,12.453,MIA
WR,Kenny Stills,4700,DEN@MIA 12/03/2017 01:00PM ET,12.682,MIA
QB,Patrick Mahomes II,4700,KC@NYJ 12/03/2017 01:00PM ET,0,KC
RB,Derrick Henry,4700,HOU@TEN 12/03/2017 01:00PM ET,7.773,TEN
QB,Kellen Clemens,4700,CLE@LAC 12/03/2017 04:05PM ET,0.34,LAC
TE,Hunter Henry,4700,CLE@LAC 12/03/2017 04:05PM ET,8.273,LAC
QB,Blaine Gabbert,4700,LAR@ARI 12/03/2017 04:25PM ET,20.46,ARI
QB,EJ Manuel,4700,NYG@OAK 12/03/2017 04:25PM ET,7.55,OAK
WR,Zay Jones,4600,NE@BUF 12/03/2017 01:00PM ET,6.19,BUF
QB,Jacoby Brissett,4600,IND@JAX 12/03/2017 01:00PM ET,14.884,IND
QB,Matt Moore,4600,DEN@MIA 12/03/2017 01:00PM ET,11.585,MIA
QB,Chase Daniel,4600,CAR@NO 12/03/2017 04:25PM ET,-0.2,NO
RB,Orleans Darkwa,4600,NYG@OAK 12/03/2017 04:25PM ET,9.32,NYG
TE,Kyle Rudolph,4500,MIN@ATL 12/03/2017 01:00PM ET,10.809,MIN
QB,Ryan Mallett,4500,DET@BAL 12/03/2017 01:00PM ET,4.97,BAL
RB,Alex Collins,4500,DET@BAL 12/03/2017 01:00PM ET,9.02,BAL
QB,Mitchell Trubisky,4500,SF@CHI 12/03/2017 01:00PM ET,9.238,CHI
RB,Aaron Jones,4500,TB@GB 12/03/2017 01:00PM ET,8.825,GB
QB,Scott Tolzien,4500,IND@JAX 12/03/2017 01:00PM ET,3.32,IND
DST,Jaguars ,4500,IND@JAX 12/03/2017 01:00PM ET,14.545,JAX
WR,DeVante Parker,4500,DEN@MIA 12/03/2017 01:00PM ET,10.238,MIA
QB,Tom Savage,4500,HOU@TEN 12/03/2017 01:00PM ET,7.277,HOU
QB,Matt Cassel,4500,HOU@TEN 12/03/2017 01:00PM ET,2.16,TEN
QB,DeShone Kizer,4500,CLE@LAC 12/03/2017 04:05PM ET,13.112,CLE
QB,Cardale Jones,4500,CLE@LAC 12/03/2017 04:05PM ET,0,LAC
QB,Sean Mannion,4500,LAR@ARI 12/03/2017 04:25PM ET,-0.14,LAR
QB,Drew Stanton,4500,LAR@ARI 12/03/2017 04:25PM ET,10.713,ARI
QB,Geno Smith,4500,NYG@OAK 12/03/2017 04:25PM ET,-0.1,NYG
RB,Danny Woodhead,4400,DET@BAL 12/03/2017 01:00PM ET,7.5,BAL
QB,Nathan Peterman,4400,NE@BUF 12/03/2017 01:00PM ET,2.6,BUF
QB,Mike Glennon,4400,SF@CHI 12/03/2017 01:00PM ET,8.944,CHI
QB,Joe Callahan,4400,TB@GB 12/03/2017 01:00PM ET,0,GB
WR,Jordy Nelson,4400,TB@GB 12/03/2017 01:00PM ET,10.3,GB
QB,Brock Osweiler,4400,DEN@MIA 12/03/2017 01:00PM ET,9.56,DEN
QB,Paxton Lynch,4400,DEN@MIA 12/03/2017 01:00PM ET,2.64,DEN
RB,Charcandrick West,4400,KC@NYJ 12/03/2017 01:00PM ET,5.83,KC
QB,Matt Schaub,4300,MIN@ATL 12/03/2017 01:00PM ET,0,ATL
RB,Jacquizz Rodgers,4300,TB@GB 12/03/2017 01:00PM ET,3.645,TB
QB,Chad Henne,4300,IND@JAX 12/03/2017 01:00PM ET,-0.3,JAX
RB,Chris Ivory,4300,IND@JAX 12/03/2017 01:00PM ET,6.836,JAX
TE,Greg Olsen,4300,CAR@NO 12/03/2017 04:25PM ET,2.6,CAR
WR,Jermaine Kearse,4300,KC@NYJ 12/03/2017 01:00PM ET,11.545,NYJ
QB,T.J. Yates,4300,HOU@TEN 12/03/2017 01:00PM ET,0,HOU
WR,Will Fuller V,4300,HOU@TEN 12/03/2017 01:00PM ET,15.917,HOU
QB,Kevin Hogan,4300,CLE@LAC 12/03/2017 04:05PM ET,9.695,CLE
QB,Cody Kessler,4300,CLE@LAC 12/03/2017 04:05PM ET,1.313,CLE
WR,Corey Coleman,4300,CLE@LAC 12/03/2017 04:05PM ET,10.4,CLE
QB,Jake Rudock,4200,DET@BAL 12/03/2017 01:00PM ET,0,DET
RB,Matt Breida,4200,SF@CHI 12/03/2017 01:00PM ET,6.064,SF
WR,Allen Hurns,4200,IND@JAX 12/03/2017 01:00PM ET,10.622,JAX
RB,Bilal Powell,4200,KC@NYJ 12/03/2017 01:00PM ET,9.52,NYJ
RB,Austin Ekeler,4200,CLE@LAC 12/03/2017 04:05PM ET,8.736,LAC
TE,Charles Clay,4100,NE@BUF 12/03/2017 01:00PM ET,9.975,BUF
RB,T.J. Yeldon,4100,IND@JAX 12/03/2017 01:00PM ET,11.02,JAX
WR,Dede Westbrook,4100,IND@JAX 12/03/2017 01:00PM ET,8.3,JAX
RB,Devontae Booker,4100,DEN@MIA 12/03/2017 01:00PM ET,7.825,DEN
RB,Isaiah Crowell,4100,CLE@LAC 12/03/2017 04:05PM ET,9.555,CLE
WR,Josh Gordon,4100,CLE@LAC 12/03/2017 04:05PM ET,0,CLE
QB,Kyle Sloter,4000,MIN@ATL 12/03/2017 01:00PM ET,0,MIN
WR,Mike Wallace,4000,DET@BAL 12/03/2017 01:00PM ET,8.75,BAL
QB,Joe Webb,4000,NE@BUF 12/03/2017 01:00PM ET,0,BUF
QB,Mark Sanchez,4000,SF@CHI 12/03/2017 01:00PM ET,0,CHI
WR,Marquise Goodwin,4000,SF@CHI 12/03/2017 01:00PM ET,8.745,SF
QB,Ryan Griffin,4000,TB@GB 12/03/2017 01:00PM ET,0,TB
RB,Doug Martin,4000,TB@GB 12/03/2017 01:00PM ET,8.075,TB
QB,Chad Kelly,4000,DEN@MIA 12/03/2017 01:00PM ET,0,DEN
QB,David Fales,4000,DEN@MIA 12/03/2017 01:00PM ET,0,MIA
QB,Taysom Hill,4000,CAR@NO 12/03/2017 04:25PM ET,0,NO
QB,Garrett Gilbert,4000,CAR@NO 12/03/2017 04:25PM ET,0,CAR
QB,Tyler Bray,4000,KC@NYJ 12/03/2017 01:00PM ET,0,KC
QB,Bryce Petty,4000,KC@NYJ 12/03/2017 01:00PM ET,0,NYJ
QB,Christian Hackenberg,4000,KC@NYJ 12/03/2017 01:00PM ET,0,NYJ
RB,Matt Forte,4000,KC@NYJ 12/03/2017 01:00PM ET,11.363,NYJ
TE,Austin Seferian-Jenkins,4000,KC@NYJ 12/03/2017 01:00PM ET,9.944,NYJ
WR,Bruce Ellington,4000,HOU@TEN 12/03/2017 01:00PM ET,7.4,HOU
QB,Brandon Weeden,4000,HOU@TEN 12/03/2017 01:00PM ET,0,TEN
DST,Chargers ,4000,CLE@LAC 12/03/2017 04:05PM ET,10.636,LAC
QB,Brandon Allen,4000,LAR@ARI 12/03/2017 04:25PM ET,0,LAR
QB,Matt Barkley,4000,LAR@ARI 12/03/2017 04:25PM ET,0,ARI
QB,Connor Cook,4000,NYG@OAK 12/03/2017 04:25PM ET,0,OAK
QB,Davis Webb,4000,NYG@OAK 12/03/2017 04:25PM ET,0,NYG
WR,Kenny Golladay,3900,DET@BAL 12/03/2017 01:00PM ET,8.817,DET
RB,Mike Tolbert,3900,NE@BUF 12/03/2017 01:00PM ET,4.667,BUF
WR,Dontrelle Inman,3900,SF@CHI 12/03/2017 01:00PM ET,5.057,CHI
WR,Randall Cobb,3900,TB@GB 12/03/2017 01:00PM ET,10.32,GB
RB,Peyton Barber,3900,TB@GB 12/03/2017 01:00PM ET,2.536,TB
RB,Damien Williams,3900,DEN@MIA 12/03/2017 01:00PM ET,5.418,MIA
WR,Tyrell Williams,3900,CLE@LAC 12/03/2017 04:05PM ET,7.727,LAC
RB,Malcolm Brown,3900,LAR@ARI 12/03/2017 04:25PM ET,4.2,LAR
RB,Ameer Abdullah,3800,DET@BAL 12/03/2017 01:00PM ET,9.709,DET
RB,Frank Gore,3800,IND@JAX 12/03/2017 01:00PM ET,10.182,IND
TE,Ed Dickson,3800,CAR@NO 12/03/2017 04:25PM ET,6.791,CAR
WR,Eric Decker,3800,HOU@TEN 12/03/2017 01:00PM ET,6.6,TEN
RB,DeAndre Washington,3800,NYG@OAK 12/03/2017 04:25PM ET,6.84,OAK
RB,Javorius Allen,3700,DET@BAL 12/03/2017 01:00PM ET,11.364,BAL
RB,James White,3700,NE@BUF 12/03/2017 01:00PM ET,10.191,NE
RB,Tarik Cohen,3700,SF@CHI 12/03/2017 01:00PM ET,9.931,CHI
RB,Alfred Blue,3700,HOU@TEN 12/03/2017 01:00PM ET,1.271,HOU
WR,Travis Benjamin,3700,CLE@LAC 12/03/2017 04:05PM ET,8.564,LAC
WR,Jaron Brown,3700,LAR@ARI 12/03/2017 04:25PM ET,7.827,ARI
RB,Jalen Richard,3700,NYG@OAK 12/03/2017 04:25PM ET,6.9,OAK
WR,Seth Roberts,3700,NYG@OAK 12/03/2017 04:25PM ET,5.42,OAK
WR,Malcolm Mitchell,3600,NE@BUF 12/03/2017 01:00PM ET,0,NE
WR,Aldrick Robinson,3600,SF@CHI 12/03/2017 01:00PM ET,3.691,SF
RB,Devante Mays,3600,TB@GB 12/03/2017 01:00PM ET,-0.275,GB
RB,Charles Sims,3600,TB@GB 12/03/2017 01:00PM ET,4.955,TB
RB,C.J. Anderson,3600,DEN@MIA 12/03/2017 01:00PM ET,9.509,DEN
RB,Jonathan Stewart,3600,CAR@NO 12/03/2017 04:25PM ET,7,CAR
DST,Rams ,3600,LAR@ARI 12/03/2017 04:25PM ET,10.545,LAR
RB,Kerwynn Williams,3600,LAR@ARI 12/03/2017 04:25PM ET,2.245,ARI
RB,Terron Ward,3500,MIN@ATL 12/03/2017 01:00PM ET,1.189,ATL
WR,Jordan Matthews,3500,NE@BUF 12/03/2017 01:00PM ET,6.2,BUF
DST,Bears ,3500,SF@CHI 12/03/2017 01:00PM ET,7.909,CHI
RB,Jamaal Charles,3500,DEN@MIA 12/03/2017 01:00PM ET,5.018,DEN
TE,Julius Thomas,3500,DEN@MIA 12/03/2017 01:00PM ET,7.291,MIA
RB,Elijah McGuire,3500,KC@NYJ 12/03/2017 01:00PM ET,5.027,NYJ
RB,Andre Ellington,3500,HOU@TEN 12/03/2017 01:00PM ET,9.25,HOU
RB,Branden Oliver,3500,CLE@LAC 12/03/2017 04:05PM ET,2.62,LAC
WR,Josh Reynolds,3500,LAR@ARI 12/03/2017 04:25PM ET,1.591,LAR
RB,Wayne Gallman,3500,NYG@OAK 12/03/2017 04:25PM ET,6.388,NYG
TE,Austin Hooper,3400,MIN@ATL 12/03/2017 01:00PM ET,8.973,ATL
RB,Theo Riddick,3400,DET@BAL 12/03/2017 01:00PM ET,8.3,DET
WR,Deonte Thompson,3400,NE@BUF 12/03/2017 01:00PM ET,7.227,BUF
RB,Mike Gillislee,3400,NE@BUF 12/03/2017 01:00PM ET,7.313,NE
WR,Phillip Dorsett,3400,NE@BUF 12/03/2017 01:00PM ET,1.973,NE
RB,Marlon Mack,3400,IND@JAX 12/03/2017 01:00PM ET,7.767,IND
WR,Keelan Cole,3400,IND@JAX 12/03/2017 01:00PM ET,4.209,JAX
WR,Bennie Fowler,3400,DEN@MIA 12/03/2017 01:00PM ET,6.282,DEN
WR,Albert Wilson,3400,KC@NYJ 12/03/2017 01:00PM ET,8.038,KC
WR,Jeremy Kerley,3400,KC@NYJ 12/03/2017 01:00PM ET,5.963,NYJ
DST,Titans ,3400,HOU@TEN 12/03/2017 01:00PM ET,6,TEN
WR,Cordarrelle Patterson,3400,NYG@OAK 12/03/2017 04:25PM ET,5.818,OAK
WR,Johnny Holton,3400,NYG@OAK 12/03/2017 04:25PM ET,2.918,OAK
RB,Dwayne Washington,3300,DET@BAL 12/03/2017 01:00PM ET,1.56,DET
RB,Zach Zenner,3300,DET@BAL 12/03/2017 01:00PM ET,1.367,DET
DST,Patriots ,3300,NE@BUF 12/03/2017 01:00PM ET,7.545,NE
RB,De'Angelo Henderson,3300,DEN@MIA 12/03/2017 01:00PM ET,0.033,DEN
WR,John Brown,3300,LAR@ARI 12/03/2017 04:25PM ET,7.388,ARI
WR,Taylor Gabriel,3200,MIN@ATL 12/03/2017 01:00PM ET,6.236,ATL
WR,TJ Jones,3200,DET@BAL 12/03/2017 01:00PM ET,5.518,DET
RB,Terrance West,3200,DET@BAL 12/03/2017 01:00PM ET,5.82,BAL
WR,Russell Shepard,3200,CAR@NO 12/03/2017 04:25PM ET,3.491,CAR
DST,Chiefs ,3200,KC@NYJ 12/03/2017 01:00PM ET,7.182,KC
TE,Ricky Seals-Jones,3200,LAR@ARI 12/03/2017 04:25PM ET,7.52,ARI
TE,Benjamin Watson,3100,DET@BAL 12/03/2017 01:00PM ET,7.845,BAL
DST,Ravens ,3100,DET@BAL 12/03/2017 01:00PM ET,13.091,BAL
WR,Adam Humphries,3100,TB@GB 12/03/2017 01:00PM ET,6.882,TB
DST,Buccaneers ,3100,TB@GB 12/03/2017 01:00PM ET,7.091,TB
RB,Cameron Artis-Payne,3100,CAR@NO 12/03/2017 04:25PM ET,1.888,CAR
WR,J.J. Nelson,3100,LAR@ARI 12/03/2017 04:25PM ET,7.018,ARI
DST,Raiders ,3100,NYG@OAK 12/03/2017 04:25PM ET,3.182,OAK
WR,Roger Lewis,3100,NYG@OAK 12/03/2017 04:25PM ET,5.155,NYG
WR,Tavarres King,3100,NYG@OAK 12/03/2017 04:25PM ET,5.5,NYG
RB,Terrence Magee,3000,MIN@ATL 12/03/2017 01:00PM ET,0,ATL
RB,Derrick Coleman,3000,MIN@ATL 12/03/2017 01:00PM ET,0.436,ATL
WR,Marvin Hall,3000,MIN@ATL 12/03/2017 01:00PM ET,2.75,ATL
WR,Nick Williams,3000,MIN@ATL 12/03/2017 01:00PM ET,6,ATL
WR,Justin Hardy,3000,MIN@ATL 12/03/2017 01:00PM ET,3.782,ATL
WR,Andre Roberts,3000,MIN@ATL 12/03/2017 01:00PM ET,0.109,ATL
RB,Mack Brown,3000,MIN@ATL 12/03/2017 01:00PM ET,1.667,MIN
RB,C.J. Ham,3000,MIN@ATL 12/03/2017 01:00PM ET,1.245,MIN
WR,Stacy Coley,3000,MIN@ATL 12/03/2017 01:00PM ET,0,MIN
WR,Laquon Treadwell,3000,MIN@ATL 12/03/2017 01:00PM ET,2.655,MIN
WR,Michael Floyd,3000,MIN@ATL 12/03/2017 01:00PM ET,1.917,MIN
WR,Jarius Wright,3000,MIN@ATL 12/03/2017 01:00PM ET,3.436,MIN
RB,Tion Green,3000,DET@BAL 12/03/2017 01:00PM ET,0,DET
TE,Eric Ebron,3000,DET@BAL 12/03/2017 01:00PM ET,6.518,DET
DST,Lions ,3000,DET@BAL 12/03/2017 01:00PM ET,10.636,DET
WR,Michael Campanaro,3000,DET@BAL 12/03/2017 01:00PM ET,3.8,BAL
WR,Breshad Perriman,3000,DET@BAL 12/03/2017 01:00PM ET,1.378,BAL
WR,Chris Moore,3000,DET@BAL 12/03/2017 01:00PM ET,4.225,BAL
RB,Travaris Cadet,3000,NE@BUF 12/03/2017 01:00PM ET,5.08,BUF
RB,Patrick DiMarco,3000,NE@BUF 12/03/2017 01:00PM ET,0.582,BUF
WR,Brandon Tate,3000,NE@BUF 12/03/2017 01:00PM ET,1.95,BUF
WR,Walter Powell,3000,NE@BUF 12/03/2017 01:00PM ET,0,BUF
WR,Andre Holmes,3000,NE@BUF 12/03/2017 01:00PM ET,3.909,BUF
RB,Brandon Bolden,3000,NE@BUF 12/03/2017 01:00PM ET,0.009,NE
RB,James Develin,3000,NE@BUF 12/03/2017 01:00PM ET,0.782,NE
WR,Matthew Slater,3000,NE@BUF 12/03/2017 01:00PM ET,0,NE
RB,Taquan Mizzell,3000,SF@CHI 12/03/2017 01:00PM ET,0,CHI
RB,Benny Cunningham,3000,SF@CHI 12/03/2017 01:00PM ET,3.489,CHI
RB,Michael Burton,3000,SF@CHI 12/03/2017 01:00PM ET,0.227,CHI
WR,Josh Bellamy,3000,SF@CHI 12/03/2017 01:00PM ET,3.51,CHI
WR,Markus Wheaton,3000,SF@CHI 12/03/2017 01:00PM ET,0.317,CHI
WR,Kendall Wright,3000,SF@CHI 12/03/2017 01:00PM ET,6.5,CHI
WR,Tre McBride,3000,SF@CHI 12/03/2017 01:00PM ET,2.8,CHI
RB,Raheem Mostert,3000,SF@CHI 12/03/2017 01:00PM ET,0.182,SF
RB,Kyle Juszczyk,3000,SF@CHI 12/03/2017 01:00PM ET,3.867,SF
WR,Louis Murphy,3000,SF@CHI 12/03/2017 01:00PM ET,8.1,SF
WR,Victor Bolden Jr.,3000,SF@CHI 12/03/2017 01:00PM ET,0,SF
WR,Kendrick Bourne,3000,SF@CHI 12/03/2017 01:00PM ET,2.883,SF
WR,Trent Taylor,3000,SF@CHI 12/03/2017 01:00PM ET,5.49,SF
RB,Aaron Ripkowski,3000,TB@GB 12/03/2017 01:00PM ET,0.982,GB
RB,Joe Kerridge,3000,TB@GB 12/03/2017 01:00PM ET,0.65,GB
WR,Trevor Davis,3000,TB@GB 12/03/2017 01:00PM ET,0.427,GB
WR,Jeff Janis,3000,TB@GB 12/03/2017 01:00PM ET,0,GB
WR,Geronimo Allison,3000,TB@GB 12/03/2017 01:00PM ET,3.07,GB
WR,Freddie Martino,3000,TB@GB 12/03/2017 01:00PM ET,0,TB
WR,Chris Godwin,3000,TB@GB 12/03/2017 01:00PM ET,3.327,TB
RB,Matt Jones,3000,IND@JAX 12/03/2017 01:00PM ET,0.467,IND
RB,Josh Ferguson,3000,IND@JAX 12/03/2017 01:00PM ET,0.1,IND
RB,George Winn,3000,IND@JAX 12/03/2017 01:00PM ET,0,IND
WR,Chester Rogers,3000,IND@JAX 12/03/2017 01:00PM ET,6.967,IND
WR,Donte Moncrief,3000,IND@JAX 12/03/2017 01:00PM ET,6.218,IND
WR,Kamar Aiken,3000,IND@JAX 12/03/2017 01:00PM ET,2.71,IND
WR,Matt Hazel,3000,IND@JAX 12/03/2017 01:00PM ET,0.367,IND
RB,Corey Grant,3000,IND@JAX 12/03/2017 01:00PM ET,2.818,JAX
RB,Tommy Bohanon,3000,IND@JAX 12/03/2017 01:00PM ET,1.509,JAX
WR,Jaydon Mickens,3000,IND@JAX 12/03/2017 01:00PM ET,1.42,JAX
WR,Larry Pinkard,3000,IND@JAX 12/03/2017 01:00PM ET,0,JAX
RB,Andy Janovich,3000,DEN@MIA 12/03/2017 01:00PM ET,0.418,DEN
WR,Jordan Taylor,3000,DEN@MIA 12/03/2017 01:00PM ET,1.917,DEN
WR,Cody Latimer,3000,DEN@MIA 12/03/2017 01:00PM ET,4.688,DEN
WR,Isaiah McKenzie,3000,DEN@MIA 12/03/2017 01:00PM ET,0.225,DEN
DST,Broncos ,3000,DEN@MIA 12/03/2017 01:00PM ET,5.182,DEN
RB,Senorise Perry,3000,DEN@MIA 12/03/2017 01:00PM ET,0,MIA
WR,Jakeem Grant,3000,DEN@MIA 12/03/2017 01:00PM ET,0.318,MIA
WR,Rashawn Scott,3000,DEN@MIA 12/03/2017 01:00PM ET,0,MIA
WR,Leonte Carroo,3000,DEN@MIA 12/03/2017 01:00PM ET,1.39,MIA
WR,Isaiah Ford,3000,DEN@MIA 12/03/2017 01:00PM ET,0,MIA
RB,Trey Edmunds,3000,CAR@NO 12/03/2017 04:25PM ET,0.982,NO
RB,Jonathan Williams,3000,CAR@NO 12/03/2017 04:25PM ET,0,NO
RB,Zach Line,3000,CAR@NO 12/03/2017 04:25PM ET,0.214,NO
WR,Brandon Coleman,3000,CAR@NO 12/03/2017 04:25PM ET,5.709,NO
WR,Austin Carr,3000,CAR@NO 12/03/2017 04:25PM ET,0,NO
WR,Tommylee Lewis,3000,CAR@NO 12/03/2017 04:25PM ET,1.62,NO
WR,Willie Snead,3000,CAR@NO 12/03/2017 04:25PM ET,0.867,NO
RB,Alex Armah,3000,CAR@NO 12/03/2017 04:25PM ET,0,CAR
RB,Fozzy Whittaker,3000,CAR@NO 12/03/2017 04:25PM ET,1.914,CAR
WR,Brenton Bersin,3000,CAR@NO 12/03/2017 04:25PM ET,0.733,CAR
WR,Kaelin Clay,3000,CAR@NO 12/03/2017 04:25PM ET,1.775,CAR
WR,Damiere Byrd,3000,CAR@NO 12/03/2017 04:25PM ET,0.3,CAR
RB,Akeem Hunt,3000,KC@NYJ 12/03/2017 01:00PM ET,0.23,KC
RB,Anthony Sherman,3000,KC@NYJ 12/03/2017 01:00PM ET,0.509,KC
WR,Demarcus Robinson,3000,KC@NYJ 12/03/2017 01:00PM ET,2.855,KC
WR,Jehu Chesson,3000,KC@NYJ 12/03/2017 01:00PM ET,0.286,KC
WR,De'Anthony Thomas,3000,KC@NYJ 12/03/2017 01:00PM ET,3.464,KC
RB,Lawrence Thomas,3000,KC@NYJ 12/03/2017 01:00PM ET,0.956,NYJ
WR,JoJo Natson Jr.,3000,KC@NYJ 12/03/2017 01:00PM ET,0.45,NYJ
WR,Jalin Marshall,3000,KC@NYJ 12/03/2017 01:00PM ET,0,NYJ
WR,Lucky Whitehead,3000,KC@NYJ 12/03/2017 01:00PM ET,0,NYJ
WR,Chad Hansen,3000,KC@NYJ 12/03/2017 01:00PM ET,0.63,NYJ
WR,ArDarius Stewart,3000,KC@NYJ 12/03/2017 01:00PM ET,1.08,NYJ
RB,Jordan Todman,3000,HOU@TEN 12/03/2017 01:00PM ET,0,HOU
RB,Jay Prosch,3000,HOU@TEN 12/03/2017 01:00PM ET,0.355,HOU
WR,Braxton Miller,3000,HOU@TEN 12/03/2017 01:00PM ET,3.225,HOU
WR,Chris Thompson,3000,HOU@TEN 12/03/2017 01:00PM ET,0.363,HOU
WR,Cobi Hamilton,3000,HOU@TEN 12/03/2017 01:00PM ET,0,HOU
RB,David Fluellen,3000,HOU@TEN 12/03/2017 01:00PM ET,0.191,TEN
RB,Jalston Fowler,3000,HOU@TEN 12/03/2017 01:00PM ET,0.64,TEN
WR,Eric Weems,3000,HOU@TEN 12/03/2017 01:00PM ET,0.136,TEN
WR,Taywan Taylor,3000,HOU@TEN 12/03/2017 01:00PM ET,4.055,TEN
WR,Harry Douglas,3000,HOU@TEN 12/03/2017 01:00PM ET,1.8,TEN
RB,Danny Vitale,3000,CLE@LAC 12/03/2017 04:05PM ET,0.345,CLE
RB,Matthew Dayes,3000,CLE@LAC 12/03/2017 04:05PM ET,0.709,CLE
WR,James Wright,3000,CLE@LAC 12/03/2017 04:05PM ET,0,CLE
WR,Kenny Britt,3000,CLE@LAC 12/03/2017 04:05PM ET,6.288,CLE
WR,Rashard Higgins,3000,CLE@LAC 12/03/2017 04:05PM ET,4.18,CLE
WR,Ricardo Louis,3000,CLE@LAC 12/03/2017 04:05PM ET,5.291,CLE
WR,Bryce Treggs,3000,CLE@LAC 12/03/2017 04:05PM ET,2.083,CLE
WR,Sammie Coates,3000,CLE@LAC 12/03/2017 04:05PM ET,1.4,CLE
RB,Andre Williams,3000,CLE@LAC 12/03/2017 04:05PM ET,0.033,LAC
RB,Derek Watt,3000,CLE@LAC 12/03/2017 04:05PM ET,0.355,LAC
WR,Mike Williams,3000,CLE@LAC 12/03/2017 04:05PM ET,2.9,LAC
WR,Geremy Davis,3000,CLE@LAC 12/03/2017 04:05PM ET,0,LAC
RB,Justin Davis,3000,LAR@ARI 12/03/2017 04:25PM ET,0.033,LAR
RB,Lance Dunbar,3000,LAR@ARI 12/03/2017 04:25PM ET,1.55,LAR
WR,Pharoh Cooper,3000,LAR@ARI 12/03/2017 04:25PM ET,1.6,LAR
WR,Michael Thomas,3000,LAR@ARI 12/03/2017 04:25PM ET,0.733,LAR
WR,Tavon Austin,3000,LAR@ARI 12/03/2017 04:25PM ET,3.364,LAR
RB,D.J. Foster,3000,LAR@ARI 12/03/2017 04:25PM ET,4.9,ARI
RB,Elijhaa Penny,3000,LAR@ARI 12/03/2017 04:25PM ET,0.155,ARI
RB,T.J. Logan,3000,LAR@ARI 12/03/2017 04:25PM ET,0,ARI
WR,Chad Williams,3000,LAR@ARI 12/03/2017 04:25PM ET,2.033,ARI
WR,Brittan Golden,3000,LAR@ARI 12/03/2017 04:25PM ET,1.2,ARI
WR,Carlton Agudosi,3000,LAR@ARI 12/03/2017 04:25PM ET,0,ARI
RB,Jamize Olawale,3000,NYG@OAK 12/03/2017 04:25PM ET,2.186,OAK
RB,Paul Perkins,3000,NYG@OAK 12/03/2017 04:25PM ET,2.371,NYG
RB,Shane Smith,3000,NYG@OAK 12/03/2017 04:25PM ET,0,NYG
RB,Shane Vereen,3000,NYG@OAK 12/03/2017 04:25PM ET,5.782,NYG
WR,Travis Rudolph,3000,NYG@OAK 12/03/2017 04:25PM ET,2.52,NYG
WR,Kalif Raymond,3000,NYG@OAK 12/03/2017 04:25PM ET,0.275,NYG
TE,Cameron Brate,2900,TB@GB 12/03/2017 01:00PM ET,9.382,TB
DST,Dolphins ,2900,DEN@MIA 12/03/2017 01:00PM ET,4.455,MIA
TE,Martellus Bennett,2800,NE@BUF 12/03/2017 01:00PM ET,6.511,NE
DST,Packers ,2800,TB@GB 12/03/2017 01:00PM ET,6.455,GB
TE,O.J. Howard,2800,TB@GB 12/03/2017 01:00PM ET,6.918,TB
DST,Saints ,2800,CAR@NO 12/03/2017 04:25PM ET,9.545,NO
TE,C.J. Fiedorowicz,2800,HOU@TEN 12/03/2017 01:00PM ET,5.775,HOU
DST,Vikings ,2700,MIN@ATL 12/03/2017 01:00PM ET,6.455,MIN
TE,George Kittle,2700,SF@CHI 12/03/2017 01:00PM ET,6.31,SF
DST,Colts ,2700,IND@JAX 12/03/2017 01:00PM ET,6.273,IND
TE,Marcedes Lewis,2700,IND@JAX 12/03/2017 01:00PM ET,6.082,JAX
TE,Jonnu Smith,2700,HOU@TEN 12/03/2017 01:00PM ET,3.427,TEN
TE,Antonio Gates,2700,CLE@LAC 12/03/2017 04:05PM ET,3.336,LAC
DST,Falcons ,2600,MIN@ATL 12/03/2017 01:00PM ET,6.545,ATL
TE,Garrett Celek,2600,SF@CHI 12/03/2017 01:00PM ET,3.618,SF
DST,49ers ,2600,SF@CHI 12/03/2017 01:00PM ET,4,SF
TE,Coby Fleener,2600,CAR@NO 12/03/2017 04:25PM ET,5.773,NO
TE,Eric Saubert,2500,MIN@ATL 12/03/2017 01:00PM ET,0,ATL
TE,Levine Toilolo,2500,MIN@ATL 12/03/2017 01:00PM ET,2.182,ATL
TE,Kevin McDermott,2500,MIN@ATL 12/03/2017 01:00PM ET,0,MIN
TE,Blake Bell,2500,MIN@ATL 12/03/2017 01:00PM ET,0.2,MIN
TE,David Morgan,2500,MIN@ATL 12/03/2017 01:00PM ET,1.309,MIN
TE,Michael Roberts,2500,DET@BAL 12/03/2017 01:00PM ET,0.227,DET
TE,Darren Fells,2500,DET@BAL 12/03/2017 01:00PM ET,4.018,DET
TE,Nick Boyle,2500,DET@BAL 12/03/2017 01:00PM ET,3.69,BAL
TE,Maxx Williams,2500,DET@BAL 12/03/2017 01:00PM ET,3.183,BAL
TE,Vince Mayle,2500,DET@BAL 12/03/2017 01:00PM ET,0.564,BAL
TE,Logan Thomas,2500,NE@BUF 12/03/2017 01:00PM ET,1.856,BUF
TE,Nick O'Leary,2500,NE@BUF 12/03/2017 01:00PM ET,4.4,BUF
TE,Khari Lee,2500,NE@BUF 12/03/2017 01:00PM ET,0,BUF
TE,Dwayne Allen,2500,NE@BUF 12/03/2017 01:00PM ET,1.245,NE
TE,Jacob Hollister,2500,NE@BUF 12/03/2017 01:00PM ET,0.67,NE
TE,Adam Shaheen,2500,SF@CHI 12/03/2017 01:00PM ET,2.573,CHI
TE,Daniel Brown,2500,SF@CHI 12/03/2017 01:00PM ET,1.611,CHI
TE,Ben Braunecker,2500,SF@CHI 12/03/2017 01:00PM ET,0,CHI
TE,Dion Sims,2500,SF@CHI 12/03/2017 01:00PM ET,3,CHI
TE,Andrew DePaola,2500,SF@CHI 12/03/2017 01:00PM ET,0,CHI
TE,Logan Paulsen,2500,SF@CHI 12/03/2017 01:00PM ET,0,SF
TE,Kyle Nelson,2500,SF@CHI 12/03/2017 01:00PM ET,0,SF
TE,Richard Rodgers,2500,TB@GB 12/03/2017 01:00PM ET,1.355,GB
TE,Lance Kendricks,2500,TB@GB 12/03/2017 01:00PM ET,2.727,GB
TE,Antony Auclair,2500,TB@GB 12/03/2017 01:00PM ET,0,TB
TE,Luke Stocker,2500,TB@GB 12/03/2017 01:00PM ET,1.2,TB
TE,Erik Swoope,2500,IND@JAX 12/03/2017 01:00PM ET,0,IND
TE,Brandon Williams,2500,IND@JAX 12/03/2017 01:00PM ET,1.745,IND
TE,Darrell Daniels,2500,IND@JAX 12/03/2017 01:00PM ET,0.56,IND
TE,Jason Vander Laan,2500,IND@JAX 12/03/2017 01:00PM ET,0,IND
TE,James O'Shaughnessy,2500,IND@JAX 12/03/2017 01:00PM ET,1.236,JAX
TE,Ben Koyack,2500,IND@JAX 12/03/2017 01:00PM ET,0.436,JAX
TE,Ross Travis,2500,IND@JAX 12/03/2017 01:00PM ET,0.845,IND
TE,Jake Butt,2500,DEN@MIA 12/03/2017 01:00PM ET,0,DEN
TE,Austin Traylor,2500,DEN@MIA 12/03/2017 01:00PM ET,6,DEN
TE,Jeff Heuerman,2500,DEN@MIA 12/03/2017 01:00PM ET,2.156,DEN
TE,Virgil Green,2500,DEN@MIA 12/03/2017 01:00PM ET,2.991,DEN
TE,MarQueis Gray,2500,DEN@MIA 12/03/2017 01:00PM ET,0.027,MIA
TE,Anthony Fasano,2500,DEN@MIA 12/03/2017 01:00PM ET,1.591,MIA
TE,Michael Hoomanawanui,2500,CAR@NO 12/03/2017 04:25PM ET,1.473,NO
TE,Josh Hill,2500,CAR@NO 12/03/2017 04:25PM ET,1.764,NO
TE,Chris Manhertz,2500,CAR@NO 12/03/2017 04:25PM ET,0.191,CAR
TE,James Winchester,2500,KC@NYJ 12/03/2017 01:00PM ET,0,KC
TE,Demetrius Harris,2500,KC@NYJ 12/03/2017 01:00PM ET,2.136,KC
TE,Eric Tomlinson,2500,KC@NYJ 12/03/2017 01:00PM ET,2.567,NYJ
TE,Neal Sterling,2500,KC@NYJ 12/03/2017 01:00PM ET,0.3,NYJ
DST,Jets ,2500,KC@NYJ 12/03/2017 01:00PM ET,5.455,NYJ
TE,Stephen Anderson,2500,HOU@TEN 12/03/2017 01:00PM ET,4.13,HOU
TE,Phillip Supernaw,2500,HOU@TEN 12/03/2017 01:00PM ET,0.991,TEN
TE,Beau Brinkley,2500,HOU@TEN 12/03/2017 01:00PM ET,0,TEN
TE,Seth DeValve,2500,CLE@LAC 12/03/2017 04:05PM ET,5.382,CLE
TE,David Njoku,2500,CLE@LAC 12/03/2017 04:05PM ET,6.173,CLE
TE,Randall Telfer,2500,CLE@LAC 12/03/2017 04:05PM ET,0.4,CLE
TE,Matt Lengel,2500,CLE@LAC 12/03/2017 04:05PM ET,0,CLE
TE,Sean Culkin,2500,CLE@LAC 12/03/2017 04:05PM ET,0,LAC
TE,Jeff Cumberland,2500,CLE@LAC 12/03/2017 04:05PM ET,0.6,LAC
TE,Sean McGrath,2500,CLE@LAC 12/03/2017 04:05PM ET,0.4,LAC
TE,Gerald Everett,2500,LAR@ARI 12/03/2017 04:25PM ET,3.527,LAR
TE,Tyler Higbee,2500,LAR@ARI 12/03/2017 04:25PM ET,4.836,LAR
TE,Derek Carrier,2500,LAR@ARI 12/03/2017 04:25PM ET,0.922,LAR
TE,Jermaine Gresham,2500,LAR@ARI 12/03/2017 04:25PM ET,6.2,ARI
TE,Troy Niklas,2500,LAR@ARI 12/03/2017 04:25PM ET,1.945,ARI
TE,Lee Smith,2500,NYG@OAK 12/03/2017 04:25PM ET,0.973,OAK
TE,Clive Walford,2500,NYG@OAK 12/03/2017 04:25PM ET,0.364,OAK
TE,Jerell Adams,2500,NYG@OAK 12/03/2017 04:25PM ET,0.918,NYG
TE,Rhett Ellison,2500,NYG@OAK 12/03/2017 04:25PM ET,2.245,NYG
DST,Giants ,2500,NYG@OAK 12/03/2017 04:25PM ET,6.091,NYG
DST,Texans ,2400,HOU@TEN 12/03/2017 01:00PM ET,7,HOU
DST,Panthers ,2300,CAR@NO 12/03/2017 04:25PM ET,8.364,CAR
DST,Cardinals ,2200,LAR@ARI 12/03/2017 04:25PM ET,6,ARI
DST,Browns ,2100,CLE@LAC 12/03/2017 04:05PM ET,5.182,CLE
DST,Bills ,2000,NE@BUF 12/03/2017 01:00PM ET,6.727,BUF
