Position, Name, Salary, AvgPointsPerGame, PassingYards, PassingRushingYards, ReceivingTargets, ReceivingReceptions, ReceivingYards, RushingAttempts, RushingYards, RushingReceptions
RB,Taquan Mizzell,3000,0,0,0,0,0,0,0,0,0
WR,Marvin Jones Jr.,6000,15.827,0,0,0,0,0,0,0,0
TE,Logan Paulsen,2500,0,0,0,0,0,0,0,0,0
RB,Austin Ekeler,4200,8.736,0,0,28,24,252,37,179,24
TE,Ed Dickson,3800,6.791,0,0,42,26,397,0,0,0
RB,Devante Mays,3600,-0.275,0,0,0,0,0,3,-1,
DST,Giants ,2500,6.091,0,0,0,0,0,0,0,0
RB,Mack Brown,3000,1.667,0,0,1,1,11,8,29,1
TE,Troy Niklas,2500,1.945,0,0,14,7,84,0,0,0
QB,Chase Daniel,4600,-0.2,0,0,0,0,0,3,-2,
TE,Jack Doyle,5200,12.64,0,0,77,59,544,0,0,0
WR,Austin Carr,3000,0,0,0,0,0,0,0,0,0
WR,Jarvis Landry,5900,15.727,0,0,117,75,637,1,-7,75
TE,Clive Walford,2500,0.364,0,0,5,3,10,0,0,0
TE,Vince Mayle,2500,0.564,0,0,0,0,0,2,2,0
WR,Jalin Marshall,3000,0,0,0,0,0,0,0,0,0
RB,Todd Gurley II,8200,22.945,0,0,0,0,0,0,0,0
QB,Drew Stanton,4500,10.713,540,23,0,0,0,6,7,
RB,DeMarco Murray,5600,12.427,0,0,37,31,225,129,452,31
QB,Drew Brees,6500,18.433,3029,89,0,0,0,22,16,
RB,Mark Ingram,7900,18.045,0,0,46,36,218,166,837,36
WR,Corey Coleman,4300,10.4,0,0,32,15,206,0,0,0
RB,Devontae Booker,4100,7.825,0,0,25,20,204,46,162,20
DST,Vikings ,2700,6.455,0,0,0,0,0,0,0,0
QB,Brett Hundley,5100,11.771,1185,137,0,0,0,14,110,
WR,Carlton Agudosi,3000,0,0,0,0,0,0,0,0,0
RB,Adrian Peterson,4800,8.69,0,0,19,11,70,156,529,11
RB,DeAndre Washington,3800,6.84,0,0,34,28,169,42,125,28
TE,Beau Brinkley,2500,0,0,0,0,0,0,0,0,0
QB,Ryan Mallett,4500,4.97,56,0,0,0,0,4,-3,
WR,Markus Wheaton,3000,0.317,0,0,12,1,4,0,0,0
RB,Trey Edmunds,3000,0.982,0,0,0,0,0,9,48,
RB,Josh Ferguson,3000,0.1,0,0,0,0,0,1,5,
RB,Matt Forte,4000,11.363,0,0,33,29,222,67,267,29
QB,Sean Mannion,4500,-0.14,12,0,0,0,0,5,-9,
DST,Chiefs ,3200,7.182,0,0,0,0,0,0,0,0
TE,Coby Fleener,2600,5.773,0,0,30,22,295,0,0,0
RB,Brandon Bolden,3000,0.009,0,0,0,0,0,2,1,
RB,Matthew Dayes,3000,0.709,0,0,5,4,29,4,9,4
RB,Matt Breida,4200,6.064,0,0,32,18,136,53,231,18
TE,Greg Olsen,4300,2.6,0,0,10,4,38,0,0,0
QB,Matt Cassel,4500,2.16,162,30,0,0,0,0,0,0
RB,Rex Burkhead,5000,11.357,0,0,26,21,179,43,166,21
RB,Jordan Howard,6500,13.691,0,0,23,16,91,199,847,16
WR,Tyreek Hill,6700,15.236,0,0,77,54,726,16,60,54
TE,Kyle Nelson,2500,0,0,0,0,0,0,0,0,0
TE,Daniel Brown,2500,1.611,0,0,12,7,75,0,0,0
QB,Eli Manning,5000,13.904,2411,160,0,0,0,8,25,
TE,Ross Travis,2500,0.845,0,0,12,5,43,0,0,0
WR,Kendrick Bourne,3000,2.883,0,0,15,7,103,0,0,0
QB,Tom Brady,7800,23.211,3374,144,0,0,0,21,24,
WR,Phillip Dorsett,3400,1.973,0,0,11,7,140,1,7,7
WR,Michael Campanaro,3000,3.8,0,0,17,12,91,4,33,12
TE,Jeff Heuerman,2500,2.156,0,0,14,6,74,0,0,0
TE,Charles Clay,4100,9.975,0,0,39,29,358,0,0,0
QB,Matt Ryan,6400,16.96,2884,113,0,0,0,20,92,
WR,Stefon Diggs,6200,14.822,0,0,60,40,598,4,6,40
QB,Case Keenum,6000,17.234,2476,54,0,0,0,23,103,
RB,Mike Gillislee,3400,7.313,0,0,0,0,0,98,355,
WR,Jaron Brown,3700,7.827,0,0,52,25,401,0,0,0
RB,Shane Vereen,3000,5.782,0,0,39,33,201,30,115,33
TE,Darren Fells,2500,4.018,0,0,22,13,132,0,0,0
TE,Austin Seferian-Jenkins,4000,9.944,0,0,57,41,315,0,0,0
RB,Leonard Fournette,7800,18.867,0,0,30,22,173,187,765,22
TE,Tyler Higbee,2500,4.836,0,0,41,21,262,0,0,0
TE,Jared Cook,5400,9.691,0,0,65,42,536,0,0,0
RB,Terrence Magee,3000,0,0,0,0,0,0,0,0,0
WR,Mohamed Sanu,5600,12.094,51,0,61,45,452,2,7,45
RB,Zach Line,3000,0.214,0,0,0,0,0,4,15,0
RB,C.J. Anderson,3600,9.509,0,0,20,15,111,144,585,15
WR,Adam Thielen,7500,17.882,0,0,107,70,1005,1,11,70
DST,Cardinals ,2200,6,0,0,0,0,0,0,0,0
WR,Louis Murphy,3000,8.1,0,0,6,4,62,0,0,0
WR,De'Anthony Thomas,3000,3.464,0,0,13,12,137,1,4,12
WR,Rashawn Scott,3000,0,0,0,0,0,0,0,0,0
WR,Mike Williams,3000,2.9,0,0,15,9,84,0,0,0
WR,Kalif Raymond,3000,0.275,0,0,1,1,12,1,-1,1
WR,Brandon Tate,3000,1.95,0,0,10,4,56,0,0,0
WR,Kamar Aiken,3000,2.71,0,0,38,14,131,0,0,0
QB,Mitchell Trubisky,4500,9.238,0,0,0,0,0,0,0,0
DST,Lions ,3000,10.636,0,0,0,0,0,0,0,0
DST,Buccaneers ,3100,7.091,0,0,0,0,0,0,0,0
WR,Dontrelle Inman,3900,5.057,0,0,26,15,204,0,0,0
WR,Jarius Wright,3000,3.436,0,0,17,11,148,0,0,0
RB,Peyton Barber,3900,2.536,0,0,5,4,31,30,88,4
RB,Jalen Richard,3700,6.9,0,0,28,21,210,51,229,21
TE,Chris Manhertz,2500,0.191,0,0,2,1,11,0,0,0
WR,Jakeem Grant,3000,0.318,0,0,6,3,15,0,0,0
WR,Mike Evans,7100,14.52,0,0,96,51,702,0,0,0
TE,David Morgan,2500,1.309,0,0,7,5,34,0,0,0
RB,Aaron Jones,4500,8.825,0,0,16,8,16,70,370,8
TE,Luke Stocker,2500,1.2,0,0,3,3,18,0,0,0
TE,Antonio Gates,2700,3.336,0,0,30,16,147,0,0,0
RB,Zach Zenner,3300,1.367,0,0,0,0,0,11,22,0
TE,Josh Hill,2500,1.764,0,0,10,9,62,1,-8,9
QB,Tyrod Taylor,5400,15.655,2025,162,0,0,0,66,302,
TE,James Winchester,2500,0,0,0,0,0,0,0,0,0
QB,Paxton Lynch,4400,2.64,41,23,0,0,0,2,20,
WR,Robert Woods,5900,14.75,0,0,70,47,703,2,12,47
RB,Derek Watt,3000,0.355,0,0,2,1,12,3,17,1
QB,Kellen Clemens,4700,0.34,33,0,0,0,0,3,-3,
TE,Jonnu Smith,2700,3.427,0,0,23,13,127,0,0,0
TE,Martellus Bennett,2800,6.511,0,0,44,30,286,0,0,0
RB,Lawrence Thomas,3000,0.956,0,0,5,5,36,1,0,5
QB,Blake Bortles,5400,15.405,2244,101,0,0,0,41,257,
RB,Chris Ivory,4300,6.836,0,0,27,20,172,85,280,20
TE,Kyle Rudolph,4500,10.809,0,0,65,46,429,0,0,0
QB,Alex Smith,5900,20.402,2873,167,0,0,0,47,235,
WR,Corey Davis,5100,6.75,0,0,39,20,215,0,0,0
QB,Josh McCown,5500,17.524,2549,245,0,0,0,28,98,
RB,Elijhaa Penny,3000,0.155,0,0,1,1,6,1,1,1
WR,Sammie Coates,3000,1.4,0,0,10,5,62,0,0,0
WR,Brenton Bersin,3000,0.733,0,0,3,1,12,0,0,0
WR,Jordan Matthews,3500,6.2,0,0,33,24,268,0,0,0
TE,Matt Lengel,2500,0,0,0,0,0,0,0,0,0
TE,Ben Koyack,2500,0.436,0,0,4,2,28,0,0,0
TE,Lance Kendricks,2500,2.727,0,0,18,10,140,0,0,0
RB,Duke Johnson Jr.,4800,13.282,0,0,0,0,0,0,0,0
RB,Carlos Hyde,5900,15.4,0,0,73,49,295,157,639,49
WR,Travis Benjamin,3700,8.564,0,0,38,23,375,8,67,23
TE,Eric Tomlinson,2500,2.567,0,0,9,6,111,0,0,0
WR,Davante Adams,6500,15.473,0,0,91,55,702,0,0,0
RB,Ty Montgomery,5300,11.45,0,0,31,23,173,71,273,23
TE,Logan Thomas,2500,1.856,0,0,7,5,57,0,0,0
DST,Colts ,2700,6.273,0,0,0,0,0,0,0,0
WR,Cobi Hamilton,3000,0,0,0,0,0,0,0,0,0
RB,Michael Burton,3000,0.227,0,0,2,1,8,1,7,1
RB,Latavius Murray,5200,8.491,0,0,9,7,39,130,496,7
TE,Jeff Cumberland,2500,0.6,0,0,1,1,2,0,0,0
TE,Khari Lee,2500,0,0,0,0,0,0,0,0,0
WR,Sterling Shepard,7000,14.114,0,0,51,38,475,3,13,38
WR,Deonte Thompson,3400,7.227,0,0,47,28,370,2,-5,28
QB,Bryce Petty,4000,0,0,0,0,0,0,0,0,0
WR,Freddie Martino,3000,0,0,0,0,0,0,0,0,0
WR,Julio Jones,8600,18.036,0,0,101,66,1039,1,15,66
QB,Mike Glennon,4400,8.944,833,78,0,0,0,4,4,
TE,Hunter Henry,4700,8.273,0,0,44,31,420,0,0,0
WR,Chris Godwin,3000,3.327,0,0,26,16,206,0,0,0
RB,Justin Davis,3000,0.033,0,0,0,0,0,1,1,
WR,Chris Moore,3000,4.225,0,0,23,9,133,1,-5,9
WR,Robby Anderson,6300,14.591,0,0,74,41,714,1,1,41
RB,Raheem Mostert,3000,0.182,0,0,0,0,0,6,30,
RB,Isaiah Crowell,4100,9.555,0,0,29,19,177,145,554,19
DST,Rams ,3600,10.545,0,0,0,0,0,0,0,0
QB,Blaine Gabbert,4700,20.46,498,18,0,0,0,9,30,
QB,Matt Barkley,4000,0,0,0,0,0,0,0,0,0
TE,Erik Swoope,2500,0,0,0,0,0,0,0,0,0
RB,Corey Grant,3000,2.818,0,0,4,3,41,20,179,3
RB,Marshawn Lynch,4800,9.55,0,0,16,10,98,123,457,10
RB,David Fluellen,3000,0.191,0,0,0,0,0,4,21,
DST,49ers ,2600,4,0,0,0,0,0,0,0,0
QB,Joe Webb,4000,0,0,0,0,0,0,0,0,0
WR,Albert Wilson,3400,8.038,0,0,29,20,257,3,6,20
WR,Laquon Treadwell,3000,2.655,0,0,25,14,152,0,0,0
TE,Nick Boyle,2500,3.69,0,0,24,20,149,0,0,0
WR,Larry Pinkard,3000,0,0,0,0,0,0,0,0,0
WR,Jordan Taylor,3000,1.917,0,0,10,6,55,0,0,0
WR,Randall Cobb,3900,10.32,0,0,57,43,463,7,19,43
QB,Tom Savage,4500,7.277,984,115,0,0,0,3,3,
RB,LeSean McCoy,7600,17.209,0,0,57,46,295,192,758,46
WR,Trevor Davis,3000,0.427,0,0,2,2,14,2,13,2
QB,Joe Flacco,4900,9.764,1875,162,0,0,0,16,54,
DST,Patriots ,3300,7.545,0,0,0,0,0,0,0,0
TE,Austin Hooper,3400,8.973,0,0,48,36,417,0,0,0
WR,T.Y. Hilton,4800,12.545,0,0,74,38,740,0,0,0
QB,Davis Webb,4000,0,0,0,0,0,0,0,0,0
QB,Philip Rivers,7000,18.038,2948,78,0,0,0,14,-5,
RB,Alex Armah,3000,0,0,0,0,0,0,0,0,0
TE,Michael Hoomanawanui,2500,1.473,0,0,8,5,52,0,0,0
RB,Kareem Hunt,6900,18.764,0,0,42,36,344,184,890,36
WR,Brandon Coleman,3000,5.709,0,0,26,16,288,0,0,0
TE,Garrett Celek,2600,3.618,0,0,21,13,148,0,0,0
RB,C.J. Ham,3000,1.245,0,0,4,3,35,6,12,3
TE,Ricky Seals-Jones,3200,7.52,0,0,12,7,126,0,0,0
WR,Will Fuller V,4300,15.917,0,0,0,0,0,0,0,0
RB,Lance Dunbar,3000,1.55,0,0,0,0,0,5,31,0
WR,Matt Hazel,3000,0.367,0,0,1,1,1,0,0,0
QB,Nathan Peterman,4400,2.6,145,0,0,0,0,2,4,
WR,Jermaine Kearse,4300,11.545,0,0,66,42,520,0,0,0
RB,Shane Smith,3000,0,0,0,0,0,0,0,0,0
WR,Jaydon Mickens,3000,1.42,0,0,2,1,11,0,0,0
RB,Danny Woodhead,4400,7.5,0,0,13,12,77,6,28,12
QB,Marcus Mariota,6200,16.392,2273,122,0,0,0,40,190,
QB,Patrick Mahomes II,4700,0,0,0,0,0,0,0,0,0
QB,Matt Schaub,4300,0,0,0,0,0,0,0,0,0
TE,Brandon Williams,2500,1.745,0,0,11,9,102,0,0,0
TE,George Kittle,2700,6.31,0,0,44,28,291,0,0,0
RB,Derrick Henry,4700,7.773,0,0,12,7,55,114,520,7
WR,Leonte Carroo,3000,1.39,0,0,12,7,69,0,0,0
WR,Dede Westbrook,4100,8.3,0,0,16,9,76,0,0,0
TE,Anthony Fasano,2500,1.591,0,0,9,7,45,0,0,0
WR,Bruce Ellington,4000,7.4,0,0,55,28,323,3,17,28
RB,Aaron Ripkowski,3000,0.982,0,0,7,6,35,5,13,6
WR,Taylor Gabriel,3200,6.236,0,0,41,28,326,4,20,28
WR,Victor Bolden Jr.,3000,0,0,0,0,0,0,0,0,0
WR,Travis Rudolph,3000,2.52,0,0,15,6,66,0,0,0
RB,Jordan Todman,3000,0,0,0,0,0,0,0,0,0
DST,Texans ,2400,7,0,0,0,0,0,0,0,0
WR,Brandin Cooks,7700,16.182,0,0,81,51,869,4,21,51
WR,Chester Rogers,3000,6.967,0,0,16,14,185,1,3,14
WR,Josh Gordon,4100,0,0,0,0,0,0,0,0,0
RB,Ameer Abdullah,3800,9.709,0,0,27,20,133,150,505,20
TE,Jake Butt,2500,0,0,0,0,0,0,0,0,0
WR,Tre McBride,3000,2.8,0,0,15,8,144,0,0,0
WR,Bryce Treggs,3000,2.083,0,0,18,5,79,1,6,5
WR,Demarcus Robinson,3000,2.855,0,0,26,15,164,0,0,0
RB,Jerick McKinnon,5100,11.373,0,0,49,36,261,106,390,36
RB,George Winn,3000,0,0,0,0,0,0,0,0,0
TE,Julius Thomas,3500,7.291,0,0,51,34,342,0,0,0
QB,Cardale Jones,4500,0,0,0,0,0,0,0,0,0
QB,Derek Carr,6100,16.536,2444,68,0,0,0,13,16,
WR,Stacy Coley,3000,0,0,0,0,0,0,0,0,0
RB,Damien Williams,3900,5.418,0,0,28,20,155,46,181,20
RB,Jonathan Stewart,3600,7,0,0,11,6,44,153,486,6
TE,David Njoku,2500,6.173,0,0,43,24,258,1,1,24
TE,Evan Engram,5700,11,0,0,85,44,470,0,0,0
QB,Brandon Weeden,4000,0,0,0,0,0,0,0,0,0
WR,Michael Thomas,3000,0.733,0,0,102,70,805,0,0,0
TE,Seth DeValve,2500,5.382,0,0,0,0,0,0,0,0
TE,Richard Rodgers,2500,1.355,0,0,12,7,79,0,0,0
TE,Kevin McDermott,2500,0,0,0,0,0,0,0,0,0
RB,Cameron Artis-Payne,3100,1.888,0,0,1,1,2,13,79,1
TE,Antony Auclair,2500,0,0,0,0,0,0,0,0,0
WR,TJ Jones,3200,5.518,0,0,0,0,0,0,0,0
WR,Bennie Fowler,3400,6.282,0,0,43,24,271,0,0,0
WR,Ricardo Louis,3000,5.291,0,0,57,26,322,0,0,0
QB,Scott Tolzien,4500,3.32,128,29,0,0,0,2,2,
RB,Tarik Cohen,3700,9.931,21,0,49,35,272,66,262,35
RB,Jamaal Williams,4700,6.236,0,0,16,13,152,70,224,13
WR,Matthew Slater,3000,0,0,0,0,0,0,0,0,0
QB,Jameis Winston,5600,15.738,1920,80,0,0,0,15,51,
WR,Tavon Austin,3000,3.364,0,0,16,10,42,41,188,10
WR,Devin Funchess,6800,13.391,0,0,83,50,643,0,0,0
WR,Breshad Perriman,3000,1.378,0,0,29,7,54,0,0,0
WR,Willie Snead,3000,0.867,0,0,6,3,32,0,0,0
WR,Michael Floyd,3000,1.917,0,0,8,6,55,0,0,0
WR,Jeff Janis,3000,0,0,0,0,0,0,0,0,0
WR,Larry Fitzgerald,6000,16.727,0,0,106,72,780,0,0,0
RB,Malcolm Brown,3900,4.2,0,0,5,5,46,37,138,5
QB,Teddy Bridgewater,5000,0,0,0,0,0,0,0,0,0
WR,DeSean Jackson,4700,11.273,0,0,79,43,592,1,8,43
WR,Mike Wallace,4000,8.75,0,0,50,29,371,1,4,29
TE,Jacob Hollister,2500,0.67,0,0,6,3,37,0,0,0
TE,Delanie Walker,5600,11.373,0,0,77,53,613,2,-2,53
RB,Matt Jones,3000,0.467,0,0,0,0,0,5,14,
TE,Phillip Supernaw,2500,0.991,0,0,4,3,19,0,0,0
TE,O.J. Howard,2800,6.918,0,0,30,20,331,0,0,0
TE,Neal Sterling,2500,0.3,0,0,2,1,8,0,0,0
QB,Carson Palmer,5000,16.909,1978,150,0,0,0,14,12,
RB,Terrance West,3200,5.82,0,0,4,2,23,39,138,2
WR,Geronimo Allison,3000,3.07,0,0,20,11,167,0,0,0
TE,Eric Ebron,3000,6.518,0,0,50,28,317,0,0,0
QB,Kyle Sloter,4000,0,0,0,0,0,0,0,0,0
RB,Anthony Sherman,3000,0.509,0,0,4,3,26,0,0,0
DST,Chargers ,4000,10.636,0,0,0,0,0,0,0,0
WR,Andre Holmes,3000,3.909,0,0,21,13,120,0,0,0
QB,Derek Anderson,5200,0.24,17,0,0,0,0,2,-2,
RB,Andre Ellington,3500,9.25,0,0,50,33,297,15,53,33
QB,Jacoby Brissett,4600,14.884,2368,253,0,0,0,41,170,
TE,Benjamin Watson,3100,7.845,0,0,0,0,0,0,0,0
WR,Russell Shepard,3200,3.491,0,0,27,14,173,1,11,14
WR,Marqise Lee,5200,10.436,0,0,80,44,551,1,17,44
WR,Harry Douglas,3000,1.8,0,0,3,1,8,0,0,0
RB,James White,3700,10.191,0,0,59,47,378,38,153,47
WR,Eric Decker,3800,6.6,0,0,51,34,326,0,0,0
QB,Taysom Hill,4000,0,0,0,0,0,0,0,0,0
RB,Mike Tolbert,3900,4.667,0,0,13,12,61,50,179,12
DST,Broncos ,3000,5.182,0,0,0,0,0,0,0,0
RB,Dion Lewis,5500,9.682,0,0,16,15,87,97,498,15
QB,T.J. Yates,4300,0,0,0,0,0,0,0,0,0
WR,Rashard Higgins,3000,4.18,0,0,40,20,214,1,4,20
WR,Andre Roberts,3000,0.109,0,0,4,1,12,0,0,0
WR,Brittan Golden,3000,1.2,0,0,9,5,70,0,0,0
RB,Theo Riddick,3400,8.3,0,0,46,34,292,45,161,34
QB,Chad Henne,4300,-0.3,0,0,0,0,0,3,-3,
WR,Rishard Matthews,5700,12.43,0,0,68,41,626,1,-3,41
WR,Sammy Watkins,5200,10,0,0,47,28,490,0,0,0
RB,Orleans Darkwa,4600,9.32,0,0,20,15,93,112,519,15
TE,Marcedes Lewis,2700,6.082,0,0,35,15,219,0,0,0
RB,David Johnson,6300,14.1,0,0,9,6,67,11,23,6
RB,Jamaal Charles,3500,5.018,0,0,20,15,78,66,284,15
QB,Matt Moore,4600,11.585,861,95,0,0,0,3,9,
TE,Dion Sims,2500,3,0,0,19,10,110,0,0,0
RB,Dwayne Washington,3300,1.56,0,0,2,2,14,20,44,2
WR,Lucky Whitehead,3000,0,0,0,0,0,0,0,0,0
QB,Cam Newton,6800,20.4,2400,173,0,0,0,83,464,
TE,Demetrius Harris,2500,2.136,0,0,19,9,85,0,0,0
WR,Michael Crabtree,6600,13.02,0,0,66,42,502,0,0,0
QB,Joe Callahan,4400,0,0,0,0,0,0,0,0,0
RB,Alex Collins,4500,9.02,0,0,14,9,52,129,630,9
TE,Rhett Ellison,2500,2.245,0,0,12,10,87,0,0,0
TE,Ben Braunecker,2500,0,0,0,0,0,0,0,0,0
TE,Jerell Adams,2500,0.918,0,0,4,4,61,0,0,0
WR,Jehu Chesson,3000,0.286,0,0,1,1,10,0,0,0
WR,Jordy Nelson,4400,10.3,0,0,64,38,393,0,0,0
WR,Kenny Golladay,3900,8.817,0,0,25,13,279,0,0,0
QB,EJ Manuel,4700,7.55,265,29,0,0,0,2,15,
WR,Allen Hurns,4200,10.622,0,0,51,36,446,0,0,0
WR,DeAndre Hopkins,7300,21.4,0,0,125,69,1004,0,0,0
DST,Titans ,3400,6,0,0,0,0,0,0,0,0
WR,Isaiah Ford,3000,0,0,0,0,0,0,0,0,0
WR,Braxton Miller,3000,3.225,0,0,19,12,77,1,1,12
WR,Marvin Hall,3000,2.75,0,0,5,1,40,0,0,0
RB,Tommy Bohanon,3000,1.509,0,0,11,6,43,3,3,6
TE,Jason Vander Laan,2500,0,0,0,0,0,0,0,0,0
WR,J.J. Nelson,3100,7.018,0,0,0,0,0,0,0,0
QB,Trevor Siemian,4800,15.44,1818,166,0,0,0,25,98,
TE,C.J. Fiedorowicz,2800,5.775,0,0,19,12,111,0,0,0
DST,Panthers ,2300,8.364,0,0,0,0,0,0,0,0
WR,Tommylee Lewis,3000,1.62,0,0,11,7,84,1,8,7
RB,Benny Cunningham,3000,3.489,0,0,16,11,125,9,29,11
WR,Damiere Byrd,3000,0.3,0,0,0,0,0,1,12,0
RB,Travaris Cadet,3000,5.08,0,0,12,12,86,10,48,12
RB,Javorius Allen,3700,11.364,0,0,52,41,200,114,400,41
DST,Dolphins ,2900,4.455,0,0,0,0,0,0,0,0
QB,Jimmy Garoppolo,5100,5.12,18,0,0,0,0,1,4,
RB,Jamize Olawale,3000,2.186,0,0,5,4,19,8,34,4
TE,James O'Shaughnessy,2500,1.236,0,0,12,7,66,0,0,0
TE,Sean McGrath,2500,0.4,0,0,2,2,20,0,0,0
RB,De'Angelo Henderson,3300,0.033,0,0,0,0,0,1,1,
WR,Taywan Taylor,3000,4.055,0,0,24,14,216,6,30,14
WR,Golden Tate,6100,14.364,0,0,83,63,698,5,22,63
RB,Alfred Blue,3700,1.271,0,0,2,2,11,21,58,2
WR,Pharoh Cooper,3000,1.6,0,0,12,7,56,0,0,0
WR,Amari Cooper,5800,11.391,0,0,85,42,499,1,4,42
DST,Packers ,2800,6.455,0,0,0,0,0,0,0,0
WR,Chad Williams,3000,2.033,0,0,6,3,31,1,0,3
RB,Akeem Hunt,3000,0.23,0,0,4,2,7,3,-4,2
WR,Isaiah McKenzie,3000,0.225,0,0,8,2,14,1,4,2
WR,Adam Humphries,3100,6.882,0,0,57,39,377,0,0,0
WR,Donte Moncrief,3000,6.218,0,0,39,21,354,0,0,0
RB,Kenyan Drake,4900,5.082,0,0,20,15,89,42,200,15
QB,Aaron Rodgers,5500,20.117,1385,142,0,0,0,18,83,
QB,DeShone Kizer,4500,13.112,1823,152,0,0,0,54,262,
TE,Dwayne Allen,2500,1.245,0,0,12,4,37,0,0,0
RB,T.J. Logan,3000,0,0,0,0,0,0,0,0,0
RB,Alvin Kamara,8400,20.491,0,0,68,55,548,77,546,55
RB,Danny Vitale,3000,0.345,0,0,0,0,0,0,0,0
QB,Jared Goff,6700,18.915,2964,133,0,0,0,22,53,
WR,Emmanuel Sanders,4900,10.889,0,0,72,37,460,0,0,0
WR,Danny Amendola,5000,10.45,0,0,59,44,455,0,0,0
DST,Jets ,2500,5.455,0,0,0,0,0,0,0,0
TE,Maxx Williams,2500,3.183,0,0,12,12,79,1,2,12
TE,Blake Bell,2500,0.2,0,0,2,1,12,0,0,0
RB,D.J. Foster,3000,4.9,0,0,6,5,44,1,4,5
RB,Andre Williams,3000,0.033,0,0,0,0,0,2,2,
RB,Joe Kerridge,3000,0.65,0,0,1,1,3,0,0,0
RB,Bilal Powell,4200,9.52,0,0,26,20,158,102,454,20
QB,Jay Cutler,4700,12.453,1602,95,0,0,0,10,20,
WR,Trent Taylor,3000,5.49,0,0,40,26,239,0,0,0
TE,Jermaine Gresham,2500,6.2,0,0,37,25,250,0,0,0
RB,Charles Sims,3600,4.955,0,0,36,26,178,13,57,26
RB,Kyle Juszczyk,3000,3.867,0,0,22,16,120,6,28,16
TE,Cameron Brate,2900,9.382,0,0,56,35,442,0,0,0
WR,Aldrick Robinson,3600,3.691,0,0,39,14,206,0,0,0
TE,Nick O'Leary,2500,4.4,0,0,26,18,254,0,0,0
RB,Fozzy Whittaker,3000,1.914,0,0,3,3,34,4,10,3
WR,Zay Jones,4600,6.19,0,0,61,23,269,0,0,0
TE,Levine Toilolo,2500,2.182,0,0,11,9,90,0,0,0
RB,Paul Perkins,3000,2.371,0,0,9,7,35,32,61,7
TE,Andrew DePaola,2500,0,0,0,0,0,0,0,0,0
TE,Stephen Anderson,2500,4.13,0,0,28,17,243,0,0,0
WR,Kelvin Benjamin,4900,10.47,0,0,58,36,537,0,0,0
QB,Christian Hackenberg,4000,0,0,0,0,0,0,0,0,0
RB,Melvin Gordon,7400,17.736,0,0,58,38,273,188,698,38
RB,Doug Martin,4000,8.075,0,0,15,7,60,119,376,7
WR,Eric Weems,3000,0.136,0,0,2,1,5,0,0,0
WR,Malcolm Mitchell,3600,0,0,0,0,0,0,0,0,0
WR,Jeremy Kerley,3400,5.963,0,0,27,22,217,0,0,0
QB,Brock Osweiler,4400,9.56,701,42,0,0,0,6,22,
QB,Ryan Fitzpatrick,5300,12.787,1103,34,0,0,0,15,78,
WR,Keenan Allen,8300,17.873,0,0,107,67,927,2,9,67
WR,Geremy Davis,3000,0,0,0,0,0,0,0,0,0
DST,Bills ,2000,6.727,0,0,0,0,0,0,0,0
WR,Keelan Cole,3400,4.209,0,0,47,19,273,0,0,0
RB,Lamar Miller,6000,14.145,0,0,34,27,271,179,655,27
TE,Lee Smith,2500,0.973,0,0,7,5,57,0,0,0
WR,Josh Bellamy,3000,3.51,0,0,24,12,171,0,0,0
WR,Josh Reynolds,3500,1.591,0,0,9,5,65,0,0,0
DST,Jaguars ,4500,14.545,0,0,0,0,0,0,0,0
QB,Garrett Gilbert,4000,0,0,0,0,0,0,0,0,0
WR,Kaelin Clay,3000,1.775,0,0,9,2,33,2,29,2
WR,Ted Ginn Jr.,5100,11.736,0,0,0,0,0,0,0,0
RB,Andy Janovich,3000,0.418,0,0,4,2,14,4,12,2
TE,Darrell Daniels,2500,0.56,0,0,12,3,26,0,0,0
QB,Brandon Allen,4000,0,0,0,0,0,0,0,0,0
TE,Rob Gronkowski,7300,16.11,0,0,74,46,702,0,0,0
WR,Cordarrelle Patterson,3400,5.818,0,0,27,21,186,10,124,21
QB,Geno Smith,4500,-0.1,0,0,0,0,0,1,-1,
WR,Kenny Stills,4700,12.682,0,0,69,43,635,0,0,0
TE,Randall Telfer,2500,0.4,0,0,2,2,24,0,0,0
RB,Patrick DiMarco,3000,0.582,0,0,6,4,26,2,-2,4
RB,Terron Ward,3500,1.189,0,0,2,2,8,22,89,2
WR,Nick Williams,3000,6,0,0,4,3,30,0,0,0
WR,Chris Hogan,5500,13.563,0,0,54,33,438,3,17,33
DST,Bears ,3500,7.909,0,0,0,0,0,0,0,0
RB,Marlon Mack,3400,7.767,0,0,22,14,149,63,230,14
WR,Roger Lewis,3100,5.155,0,0,37,20,247,0,0,0
RB,Jay Prosch,3000,0.355,0,0,2,2,19,0,0,0
RB,Jacquizz Rodgers,4300,3.645,0,0,9,7,54,60,217,7
RB,Senorise Perry,3000,0,0,0,0,0,0,0,0,0
QB,C.J. Beathard,4800,13.829,1430,141,0,0,0,26,136,
DST,Browns ,2100,5.182,0,0,0,0,0,0,0,0
RB,Elijah McGuire,3500,5.027,0,0,16,11,113,74,280,11
RB,Branden Oliver,3500,2.62,0,0,8,5,20,20,61,5
QB,Mark Sanchez,4000,0,0,0,0,0,0,0,0,0
WR,Cooper Kupp,6400,11.427,0,0,72,46,597,0,0,0
WR,Justin Hardy,3000,3.782,0,0,21,15,146,0,0,0
QB,Connor Cook,4000,0,0,0,0,0,0,0,0,0
WR,Cody Latimer,3000,4.688,0,0,21,13,185,0,0,0
TE,Michael Roberts,2500,0.227,0,0,3,1,15,0,0,0
WR,Marquise Goodwin,4000,8.745,0,0,62,27,578,2,24,27
DST,Ravens ,3100,13.091,0,0,0,0,0,0,0,0
QB,Brian Hoyer,4900,9.373,1282,112,0,0,0,5,7,
TE,Austin Traylor,2500,6,0,0,9,5,70,0,0,0
TE,Derek Carrier,2500,0.922,0,0,6,4,43,0,0,0
RB,Charcandrick West,4400,5.83,0,0,27,24,122,10,41,24
WR,Seth Roberts,3700,5.42,0,0,39,24,262,0,0,0
WR,JoJo Natson Jr.,3000,0.45,0,0,0,0,0,0,0,0
WR,DeVante Parker,4500,10.238,0,0,57,35,409,0,0,0
WR,John Brown,3300,7.388,0,0,47,19,271,1,10,19
WR,Tavarres King,3100,5.5,0,0,25,12,147,2,3,12
RB,T.J. Yeldon,4100,11.02,0,0,22,16,112,31,199,16
WR,Demaryius Thomas,5300,13.009,0,0,96,58,651,0,0,0
QB,Chad Kelly,4000,0,0,0,0,0,0,0,0,0
RB,Jonathan Williams,3000,0,0,0,0,0,0,0,0,0
DST,Raiders ,3100,3.182,0,0,0,0,0,0,0,0
RB,Devonta Freeman,5700,13.022,0,0,24,19,137,116,515,19
TE,MarQueis Gray,2500,0.027,0,0,0,0,0,1,3,0
TE,Gerald Everett,2500,3.527,0,0,20,10,215,1,13,10
TE,Eric Saubert,2500,0,0,0,0,0,0,0,0,0
TE,Adam Shaheen,2500,2.573,0,0,9,8,83,0,0,0
WR,Walter Powell,3000,0,0,0,0,0,0,0,0,0
RB,Tion Green,3000,0,0,0,0,0,0,0,0,0
QB,Matthew Stafford,5800,19.291,3010,198,0,0,0,22,88,
RB,Derrick Coleman,3000,0.436,0,0,5,2,20,2,8,2
RB,Wayne Gallman,3500,6.388,0,0,21,14,61,63,260,14
WR,Jeremy Maclin,4700,9.444,0,0,52,32,350,0,0,0
TE,Sean Culkin,2500,0,0,0,0,0,0,0,0,0
QB,Jake Rudock,4200,0,0,0,0,0,0,0,0,0
RB,Tevin Coleman,7000,12.355,0,0,27,18,218,122,539,18
WR,Chad Hansen,3000,0.63,0,0,5,3,33,0,0,0
RB,James Develin,3000,0.782,0,0,7,5,36,0,0,0
QB,Cody Kessler,4300,1.313,126,48,0,0,0,1,-1,
QB,Kevin Hogan,4300,9.695,517,35,0,0,0,10,71,
RB,Christian McCaffrey,7200,14.964,0,0,84,59,468,76,268,59
WR,ArDarius Stewart,3000,1.08,0,0,9,5,36,4,22,5
RB,Kerwynn Williams,3600,2.245,0,0,9,6,58,28,69,6
WR,Chris Thompson,3000,0.363,0,0,1,1,19,64,294,39
WR,James Wright,3000,0,0,0,0,0,0,0,0,0
RB,Jalston Fowler,3000,0.64,0,0,0,0,0,2,4,0
QB,David Fales,4000,0,0,0,0,0,0,0,0,0
TE,Virgil Green,2500,2.991,0,0,19,12,149,0,0,0
WR,Kenny Britt,3000,6.288,0,0,35,16,223,0,0,0
QB,Ryan Griffin,4000,0,0,0,26,13,158,0,0,0
QB,Tyler Bray,4000,0,0,0,0,0,0,0,0,0
WR,Johnny Holton,3400,2.918,0,0,6,4,161,0,0,0
DST,Falcons ,2600,6.545,0,0,0,0,0,0,0,0
DST,Saints ,2800,9.545,0,0,0,0,0,0,0,0
WR,Tyrell Williams,3900,7.727,0,0,45,27,440,0,0,0
TE,Travis Kelce,7000,16.491,0,0,86,62,777,2,7,62
WR,Kendall Wright,3000,6.5,0,0,51,31,345,0,0,0
RB,Frank Gore,3800,10.182,0,0,28,20,169,161,571,20
